id;biografia;foto_1;foto_1_content_type;foto_2;foto_2_content_type;fot_3;fot_3_content_type;conocimientos_que_domina;temas_de_interes;facebook;instagram;id_google;twiter
1;../data/blob/hipster.txt;../data/blob/hipster.png;image/png;../data/blob/hipster.png;image/png;../data/blob/hipster.png;image/png;Kansas Generic;interface zero administration networks;Christmas Island;Dong;haptic;card
2;../data/blob/hipster.txt;../data/blob/hipster.png;image/png;../data/blob/hipster.png;image/png;../data/blob/hipster.png;image/png;multi-byte;Universal;supply-chains Licensed connecting;Sleek Rubber Computer Solutions;invoice Cambridgeshire;Secured olive
3;../data/blob/hipster.txt;../data/blob/hipster.png;image/png;../data/blob/hipster.png;image/png;../data/blob/hipster.png;image/png;Shirt next-generation;Legacy efficient Exclusive;definition transmitter navigating;Trinidad and Tobago Dollar Licensed Savings Account;interfaces Mouse;bus
4;../data/blob/hipster.txt;../data/blob/hipster.png;image/png;../data/blob/hipster.png;image/png;../data/blob/hipster.png;image/png;Field Bermuda Chair;deposit;sky blue deposit;benchmark;Sleek Wooden Chips bi-directional;Russian Ruble deploy
5;../data/blob/hipster.txt;../data/blob/hipster.png;image/png;../data/blob/hipster.png;image/png;../data/blob/hipster.png;image/png;Roads feed;Director;bypassing;array Virginia;bypass;Generic
6;../data/blob/hipster.txt;../data/blob/hipster.png;image/png;../data/blob/hipster.png;image/png;../data/blob/hipster.png;image/png;Savings Account monetize one-to-one;extensible Practical Granite Bacon;Turkish Lira;Profit-focused;system-worthy Credit Card Account;Denmark hub collaboration
7;../data/blob/hipster.txt;../data/blob/hipster.png;image/png;../data/blob/hipster.png;image/png;../data/blob/hipster.png;image/png;Tasty Cotton Tuna efficient Producer;Hill Awesome Rubber Computer;Directives payment override;Indonesia;content;back up B2C invoice
8;../data/blob/hipster.txt;../data/blob/hipster.png;image/png;../data/blob/hipster.png;image/png;../data/blob/hipster.png;image/png;Via enhance Cotton;Chair Producer Accounts;Switchable Kyat;Money Market Account;1080p;Rubber connecting back-end
9;../data/blob/hipster.txt;../data/blob/hipster.png;image/png;../data/blob/hipster.png;image/png;../data/blob/hipster.png;image/png;Small Wooden Gloves Expanded viral;Incredible Integration;Bedfordshire navigating;Village;XML Sausages;Borders Planner navigating
10;../data/blob/hipster.txt;../data/blob/hipster.png;image/png;../data/blob/hipster.png;image/png;../data/blob/hipster.png;image/png;Cambridgeshire;Granite quantifying;CFA Franc BEAC Syrian Arab Republic;back-end digital secured line;Graphic Interface;Keyboard
